areaCode,areaName,areaType,date,hospitalCases,newAdmissions,newCasesByPublishDate
K02000001,United Kingdom,overview,2022-09-15,5729,,
K02000001,United Kingdom,overview,2022-09-14,5705,,
K02000001,United Kingdom,overview,2022-09-13,5792,,
K02000001,United Kingdom,overview,2022-09-12,5849,,
K02000001,United Kingdom,overview,2022-09-11,5911,544,
K02000001,United Kingdom,overview,2022-09-10,5878,453,
K02000001,United Kingdom,overview,2022-09-09,6046,490,
K02000001,United Kingdom,overview,2022-09-08,6169,589,
K02000001,United Kingdom,overview,2022-09-07,6230,610,
K02000001,United Kingdom,overview,2022-09-06,6415,635,
K02000001,United Kingdom,overview,2022-09-05,6526,618,
K02000001,United Kingdom,overview,2022-09-04,6534,538,
K02000001,United Kingdom,overview,2022-09-03,6495,502,
K02000001,United Kingdom,overview,2022-09-02,6674,548,
K02000001,United Kingdom,overview,2022-09-01,6925,614,
K02000001,United Kingdom,overview,2022-08-31,7019,650,
K02000001,United Kingdom,overview,2022-08-30,7124,676,
K02000001,United Kingdom,overview,2022-08-29,7133,676,
K02000001,United Kingdom,overview,2022-08-28,7076,603,
K02000001,United Kingdom,overview,2022-08-27,7153,530,
K02000001,United Kingdom,overview,2022-08-26,7212,583,
K02000001,United Kingdom,overview,2022-08-25,7717,746,
K02000001,United Kingdom,overview,2022-08-24,7805,732,
K02000001,United Kingdom,overview,2022-08-23,7995,798,
K02000001,United Kingdom,overview,2022-08-22,8467,753,
K02000001,United Kingdom,overview,2022-08-21,8374,677,
K02000001,United Kingdom,overview,2022-08-20,8450,649,
K02000001,United Kingdom,overview,2022-08-19,8771,741,
K02000001,United Kingdom,overview,2022-08-18,9183,774,
K02000001,United Kingdom,overview,2022-08-17,9323,869,
K02000001,United Kingdom,overview,2022-08-16,9718,911,
K02000001,United Kingdom,overview,2022-08-15,10007,987,
K02000001,United Kingdom,overview,2022-08-14,10028,844,
K02000001,United Kingdom,overview,2022-08-13,9876,844,
K02000001,United Kingdom,overview,2022-08-12,9944,875,
K02000001,United Kingdom,overview,2022-08-11,10227,1017,
K02000001,United Kingdom,overview,2022-08-10,10417,1131,
K02000001,United Kingdom,overview,2022-08-09,10571,1094,
K02000001,United Kingdom,overview,2022-08-08,10907,1091,
K02000001,United Kingdom,overview,2022-08-07,10824,990,
K02000001,United Kingdom,overview,2022-08-06,10881,853,
K02000001,United Kingdom,overview,2022-08-05,11289,1031,
K02000001,United Kingdom,overview,2022-08-04,11729,1135,
K02000001,United Kingdom,overview,2022-08-03,12121,1195,
K02000001,United Kingdom,overview,2022-08-02,12533,1207,
K02000001,United Kingdom,overview,2022-08-01,12847,1264,
K02000001,United Kingdom,overview,2022-07-31,12892,1248,
K02000001,United Kingdom,overview,2022-07-30,13020,1048,
K02000001,United Kingdom,overview,2022-07-29,13719,1151,
K02000001,United Kingdom,overview,2022-07-28,14081,1332,
K02000001,United Kingdom,overview,2022-07-27,14638,1373,
K02000001,United Kingdom,overview,2022-07-26,14942,1473,
K02000001,United Kingdom,overview,2022-07-25,15384,1523,
K02000001,United Kingdom,overview,2022-07-24,15456,1448,
K02000001,United Kingdom,overview,2022-07-23,15377,1315,
K02000001,United Kingdom,overview,2022-07-22,16215,1428,
K02000001,United Kingdom,overview,2022-07-21,16485,1753,
K02000001,United Kingdom,overview,2022-07-20,16710,1951,
K02000001,United Kingdom,overview,2022-07-19,17015,2058,
K02000001,United Kingdom,overview,2022-07-18,17213,1992,
K02000001,United Kingdom,overview,2022-07-17,17090,1868,
K02000001,United Kingdom,overview,2022-07-16,16987,1550,
K02000001,United Kingdom,overview,2022-07-15,17314,1708,
K02000001,United Kingdom,overview,2022-07-14,17193,2073,
K02000001,United Kingdom,overview,2022-07-13,17101,2186,
K02000001,United Kingdom,overview,2022-07-12,16975,2220,
K02000001,United Kingdom,overview,2022-07-11,16584,2274,
K02000001,United Kingdom,overview,2022-07-10,16121,2078,
K02000001,United Kingdom,overview,2022-07-09,15622,1815,
K02000001,United Kingdom,overview,2022-07-08,15440,1941,
K02000001,United Kingdom,overview,2022-07-07,15022,2247,
K02000001,United Kingdom,overview,2022-07-06,14641,2213,
K02000001,United Kingdom,overview,2022-07-05,14156,2210,
K02000001,United Kingdom,overview,2022-07-04,13672,2189,
K02000001,United Kingdom,overview,2022-07-03,12878,1990,
K02000001,United Kingdom,overview,2022-07-02,12467,1607,
K02000001,United Kingdom,overview,2022-07-01,12149,1573,
K02000001,United Kingdom,overview,2022-06-30,11599,1876,
K02000001,United Kingdom,overview,2022-06-29,11200,1852,
K02000001,United Kingdom,overview,2022-06-28,10636,1748,
K02000001,United Kingdom,overview,2022-06-27,10289,1694,
K02000001,United Kingdom,overview,2022-06-26,9819,1483,
K02000001,United Kingdom,overview,2022-06-25,9239,1242,
K02000001,United Kingdom,overview,2022-06-24,8937,1357,
K02000001,United Kingdom,overview,2022-06-23,8502,1475,
K02000001,United Kingdom,overview,2022-06-22,8228,1374,
K02000001,United Kingdom,overview,2022-06-21,7918,1415,
K02000001,United Kingdom,overview,2022-06-20,7599,1279,
K02000001,United Kingdom,overview,2022-06-19,7211,1097,
K02000001,United Kingdom,overview,2022-06-18,6905,949,
K02000001,United Kingdom,overview,2022-06-17,6703,1040,
K02000001,United Kingdom,overview,2022-06-16,6609,1019,
K02000001,United Kingdom,overview,2022-06-15,6412,1047,
K02000001,United Kingdom,overview,2022-06-14,6225,962,
K02000001,United Kingdom,overview,2022-06-13,6100,902,
K02000001,United Kingdom,overview,2022-06-12,5824,794,
K02000001,United Kingdom,overview,2022-06-11,5645,710,
K02000001,United Kingdom,overview,2022-06-10,5638,763,
K02000001,United Kingdom,overview,2022-06-09,5437,800,
K02000001,United Kingdom,overview,2022-06-08,5409,829,
K02000001,United Kingdom,overview,2022-06-07,5417,744,
K02000001,United Kingdom,overview,2022-06-06,5382,758,
K02000001,United Kingdom,overview,2022-06-05,5189,652,
K02000001,United Kingdom,overview,2022-06-04,5033,540,
K02000001,United Kingdom,overview,2022-06-03,5067,514,
K02000001,United Kingdom,overview,2022-06-02,5050,543,
K02000001,United Kingdom,overview,2022-06-01,5020,603,
K02000001,United Kingdom,overview,2022-05-31,5259,606,
K02000001,United Kingdom,overview,2022-05-30,5294,588,
K02000001,United Kingdom,overview,2022-05-29,5207,533,
K02000001,United Kingdom,overview,2022-05-28,5252,468,
K02000001,United Kingdom,overview,2022-05-27,5440,540,
K02000001,United Kingdom,overview,2022-05-26,5689,518,
K02000001,United Kingdom,overview,2022-05-25,5817,606,
K02000001,United Kingdom,overview,2022-05-24,5962,601,
K02000001,United Kingdom,overview,2022-05-23,6331,602,
K02000001,United Kingdom,overview,2022-05-22,6343,543,
K02000001,United Kingdom,overview,2022-05-21,6388,461,
K02000001,United Kingdom,overview,2022-05-20,6606,542,6338
K02000001,United Kingdom,overview,2022-05-19,6815,662,12208
K02000001,United Kingdom,overview,2022-05-18,6965,730,7791
K02000001,United Kingdom,overview,2022-05-17,7342,680,8603
K02000001,United Kingdom,overview,2022-05-16,7687,703,22337
K02000001,United Kingdom,overview,2022-05-15,7870,640,173
K02000001,United Kingdom,overview,2022-05-14,7886,619,1082
K02000001,United Kingdom,overview,2022-05-13,8225,642,6592
K02000001,United Kingdom,overview,2022-05-12,8526,796,14564
K02000001,United Kingdom,overview,2022-05-11,8987,782,8135
K02000001,United Kingdom,overview,2022-05-10,9382,878,10413
K02000001,United Kingdom,overview,2022-05-09,9702,858,26280
K02000001,United Kingdom,overview,2022-05-08,9784,761,0
K02000001,United Kingdom,overview,2022-05-07,9839,711,0
K02000001,United Kingdom,overview,2022-05-06,10341,830,11076
K02000001,United Kingdom,overview,2022-05-05,10860,880,12487
K02000001,United Kingdom,overview,2022-05-04,11354,1013,16611
K02000001,United Kingdom,overview,2022-05-03,11694,1028,35635
K02000001,United Kingdom,overview,2022-05-02,11800,950,0
K02000001,United Kingdom,overview,2022-05-01,11800,912,0
K02000001,United Kingdom,overview,2022-04-30,12015,829,0
K02000001,United Kingdom,overview,2022-04-29,12552,1005,12421
K02000001,United Kingdom,overview,2022-04-28,13123,1080,14030
K02000001,United Kingdom,overview,2022-04-27,13754,1236,17224
K02000001,United Kingdom,overview,2022-04-26,14186,1259,16579
K02000001,United Kingdom,overview,2022-04-25,14878,1279,45077
K02000001,United Kingdom,overview,2022-04-24,15064,1191,0
K02000001,United Kingdom,overview,2022-04-23,15173,1208,0
K02000001,United Kingdom,overview,2022-04-22,15988,1370,19795
K02000001,United Kingdom,overview,2022-04-21,16523,1440,23456
K02000001,United Kingdom,overview,2022-04-20,17466,1511,26147
K02000001,United Kingdom,overview,2022-04-19,18009,1626,116227
K02000001,United Kingdom,overview,2022-04-18,17559,1668,0
K02000001,United Kingdom,overview,2022-04-17,17658,1491,0
K02000001,United Kingdom,overview,2022-04-16,17827,1451,0
K02000001,United Kingdom,overview,2022-04-15,17907,1651,0
K02000001,United Kingdom,overview,2022-04-14,18608,1903,32608
K02000001,United Kingdom,overview,2022-04-13,19131,2120,35926
K02000001,United Kingdom,overview,2022-04-12,19889,2247,37819
K02000001,United Kingdom,overview,2022-04-11,20191,2117,91201
K02000001,United Kingdom,overview,2022-04-10,19753,1995,0
K02000001,United Kingdom,overview,2022-04-09,19610,1906,0
K02000001,United Kingdom,overview,2022-04-08,20184,2002,41384
K02000001,United Kingdom,overview,2022-04-07,20466,2267,47126
K02000001,United Kingdom,overview,2022-04-06,20560,2441,51253
K02000001,United Kingdom,overview,2022-04-05,20539,2595,50202
K02000001,United Kingdom,overview,2022-04-04,20555,2458,143382
K02000001,United Kingdom,overview,2022-04-03,20101,2305,0
K02000001,United Kingdom,overview,2022-04-02,19745,2084,0
K02000001,United Kingdom,overview,2022-04-01,20088,2149,69811
K02000001,United Kingdom,overview,2022-03-31,19752,2429,74720
K02000001,United Kingdom,overview,2022-03-30,19704,2689,87188
K02000001,United Kingdom,overview,2022-03-29,19564,2562,80830
K02000001,United Kingdom,overview,2022-03-28,19317,2560,215001
K02000001,United Kingdom,overview,2022-03-27,18548,2250,0
K02000001,United Kingdom,overview,2022-03-26,17822,2137,0
K02000001,United Kingdom,overview,2022-03-25,17882,2246,77509
K02000001,United Kingdom,overview,2022-03-24,17632,2359,98204
K02000001,United Kingdom,overview,2022-03-23,17157,2501,102483
K02000001,United Kingdom,overview,2022-03-22,16920,2431,94524
K02000001,United Kingdom,overview,2022-03-21,16501,2283,226524
K02000001,United Kingdom,overview,2022-03-20,15706,2038,0
K02000001,United Kingdom,overview,2022-03-19,15249,2061,0
K02000001,United Kingdom,overview,2022-03-18,15175,1964,90349
K02000001,United Kingdom,overview,2022-03-17,14939,2087,89717
K02000001,United Kingdom,overview,2022-03-16,14491,2139,91345
K02000001,United Kingdom,overview,2022-03-15,14321,2152,109802
K02000001,United Kingdom,overview,2022-03-14,13797,1991,170985
K02000001,United Kingdom,overview,2022-03-13,13048,1829,0
K02000001,United Kingdom,overview,2022-03-12,12671,1629,0
K02000001,United Kingdom,overview,2022-03-11,12359,1739,72898
K02000001,United Kingdom,overview,2022-03-10,12183,1721,71259
K02000001,United Kingdom,overview,2022-03-09,11986,1833,67159
K02000001,United Kingdom,overview,2022-03-08,11867,1699,61900
K02000001,United Kingdom,overview,2022-03-07,11544,1534,126604
K02000001,United Kingdom,overview,2022-03-06,11069,1456,0
K02000001,United Kingdom,overview,2022-03-05,10923,1246,0
K02000001,United Kingdom,overview,2022-03-04,10925,1370,44740
K02000001,United Kingdom,overview,2022-03-03,10727,1477,45656
K02000001,United Kingdom,overview,2022-03-02,10869,1459,44017
K02000001,United Kingdom,overview,2022-03-01,10941,1367,39000
K02000001,United Kingdom,overview,2022-02-28,10979,1402,82451
K02000001,United Kingdom,overview,2022-02-27,10751,1103,0
K02000001,United Kingdom,overview,2022-02-26,10596,1084,0
K02000001,United Kingdom,overview,2022-02-25,10873,1109,31933
K02000001,United Kingdom,overview,2022-02-24,11007,1226,38933
K02000001,United Kingdom,overview,2022-02-23,11298,1244,39656
K02000001,United Kingdom,overview,2022-02-22,11342,1177,41130
K02000001,United Kingdom,overview,2022-02-21,11629,1243,38409
K02000001,United Kingdom,overview,2022-02-20,11436,1138,31170
K02000001,United Kingdom,overview,2022-02-19,11511,1014,39693
K02000001,United Kingdom,overview,2022-02-18,11491,1102,47685
K02000001,United Kingdom,overview,2022-02-17,11863,1187,51899
K02000001,United Kingdom,overview,2022-02-16,12014,1375,54218
K02000001,United Kingdom,overview,2022-02-15,12352,1371,46186
K02000001,United Kingdom,overview,2022-02-14,12555,1353,41648
K02000001,United Kingdom,overview,2022-02-13,12322,1188,41270
K02000001,United Kingdom,overview,2022-02-12,12270,1149,46025
K02000001,United Kingdom,overview,2022-02-11,12608,1188,58899
K02000001,United Kingdom,overview,2022-02-10,13027,1347,66638
K02000001,United Kingdom,overview,2022-02-09,13420,1426,68214
K02000001,United Kingdom,overview,2022-02-08,13857,1480,66183
K02000001,United Kingdom,overview,2022-02-07,14106,1435,57623
K02000001,United Kingdom,overview,2022-02-06,13912,1352,57337
K02000001,United Kingdom,overview,2022-02-05,14013,1246,63493
K02000001,United Kingdom,overview,2022-02-04,14492,1422,84053
K02000001,United Kingdom,overview,2022-02-03,14923,1497,88171
K02000001,United Kingdom,overview,2022-02-02,15110,1662,92594
K02000001,United Kingdom,overview,2022-02-01,15499,1771,112458
K02000001,United Kingdom,overview,2022-01-31,15947,1663,92368
K02000001,United Kingdom,overview,2022-01-30,15591,1426,69007
K02000001,United Kingdom,overview,2022-01-29,15305,1451,76069
K02000001,United Kingdom,overview,2022-01-28,16178,1529,89176
K02000001,United Kingdom,overview,2022-01-27,16404,1684,96871
K02000001,United Kingdom,overview,2022-01-26,16744,1882,102292
K02000001,United Kingdom,overview,2022-01-25,16821,1901,94326
K02000001,United Kingdom,overview,2022-01-24,17404,1785,88447
K02000001,United Kingdom,overview,2022-01-23,17122,1690,78317
K02000001,United Kingdom,overview,2022-01-22,17155,1439,80263
K02000001,United Kingdom,overview,2022-01-21,17788,1676,95787
K02000001,United Kingdom,overview,2022-01-20,18227,1913,107364
K02000001,United Kingdom,overview,2022-01-19,18738,1991,108069
K02000001,United Kingdom,overview,2022-01-18,19235,2015,94432
K02000001,United Kingdom,overview,2022-01-17,19672,2027,84429
K02000001,United Kingdom,overview,2022-01-16,19437,1942,75041
K02000001,United Kingdom,overview,2022-01-15,19313,1789,81713
K02000001,United Kingdom,overview,2022-01-14,19559,1941,99652
K02000001,United Kingdom,overview,2022-01-13,19774,2162,109133
K02000001,United Kingdom,overview,2022-01-12,19938,2204,129587
K02000001,United Kingdom,overview,2022-01-11,19966,2423,120821
K02000001,United Kingdom,overview,2022-01-10,20064,2459,142224
K02000001,United Kingdom,overview,2022-01-09,19257,2217,141472
K02000001,United Kingdom,overview,2022-01-08,18815,2100,146390
K02000001,United Kingdom,overview,2022-01-07,18879,2047,178250
K02000001,United Kingdom,overview,2022-01-06,18697,2345,179756
K02000001,United Kingdom,overview,2022-01-05,18220,2407,194747
K02000001,United Kingdom,overview,2022-01-04,17498,2402,218724
K02000001,United Kingdom,overview,2022-01-03,16505,2480,157758
K02000001,United Kingdom,overview,2022-01-02,15313,2118,151663
K02000001,United Kingdom,overview,2022-01-01,14678,2077,179637
K02000001,United Kingdom,overview,2021-12-31,14348,2108,189846
K02000001,United Kingdom,overview,2021-12-30,13315,2404,189213
K02000001,United Kingdom,overview,2021-12-29,12124,2637,183037
K02000001,United Kingdom,overview,2021-12-28,11076,2315,138831
K02000001,United Kingdom,overview,2021-12-27,9914,1974,109077
K02000001,United Kingdom,overview,2021-12-26,8892,1548,119923
K02000001,United Kingdom,overview,2021-12-25,8473,1420,121880
K02000001,United Kingdom,overview,2021-12-24,8663,1205,122186
K02000001,United Kingdom,overview,2021-12-23,8435,1405,119789
K02000001,United Kingdom,overview,2021-12-22,8399,1418,109655
K02000001,United Kingdom,overview,2021-12-21,8177,1265,90629
K02000001,United Kingdom,overview,2021-12-20,7961,1224,91743
K02000001,United Kingdom,overview,2021-12-19,7717,1018,82886
K02000001,United Kingdom,overview,2021-12-18,7560,840,90418
K02000001,United Kingdom,overview,2021-12-17,7624,881,93045
K02000001,United Kingdom,overview,2021-12-16,7746,924,88376
K02000001,United Kingdom,overview,2021-12-15,7726,954,78610
K02000001,United Kingdom,overview,2021-12-14,7801,957,59610
K02000001,United Kingdom,overview,2021-12-13,7801,929,54661
K02000001,United Kingdom,overview,2021-12-12,7581,869,48854
K02000001,United Kingdom,overview,2021-12-11,7458,793,54073
K02000001,United Kingdom,overview,2021-12-10,7492,831,58194
K02000001,United Kingdom,overview,2021-12-09,7538,953,50867
K02000001,United Kingdom,overview,2021-12-08,7469,888,51342
K02000001,United Kingdom,overview,2021-12-07,7450,946,45691
K02000001,United Kingdom,overview,2021-12-06,7465,871,51459
K02000001,United Kingdom,overview,2021-12-05,7356,845,43992
K02000001,United Kingdom,overview,2021-12-04,7253,751,42848
K02000001,United Kingdom,overview,2021-12-03,7398,736,50584
K02000001,United Kingdom,overview,2021-12-02,7489,841,53945
K02000001,United Kingdom,overview,2021-12-01,7418,828,48374
K02000001,United Kingdom,overview,2021-11-30,7746,841,39716
K02000001,United Kingdom,overview,2021-11-29,7735,809,42583
K02000001,United Kingdom,overview,2021-11-28,7504,715,37681
K02000001,United Kingdom,overview,2021-11-27,7473,717,39567
K02000001,United Kingdom,overview,2021-11-26,7628,734,50091
K02000001,United Kingdom,overview,2021-11-25,7727,776,47240
K02000001,United Kingdom,overview,2021-11-24,7736,911,43676
K02000001,United Kingdom,overview,2021-11-23,7983,786,42484
K02000001,United Kingdom,overview,2021-11-22,8197,743,44917
K02000001,United Kingdom,overview,2021-11-21,8101,758,40004
K02000001,United Kingdom,overview,2021-11-20,8006,735,40941
K02000001,United Kingdom,overview,2021-11-19,8126,775,44242
K02000001,United Kingdom,overview,2021-11-18,8178,843,46807
K02000001,United Kingdom,overview,2021-11-17,8277,867,38263
K02000001,United Kingdom,overview,2021-11-16,8526,905,37243
K02000001,United Kingdom,overview,2021-11-15,8803,839,39705
K02000001,United Kingdom,overview,2021-11-14,8645,808,36517
K02000001,United Kingdom,overview,2021-11-13,8558,778,38351
K02000001,United Kingdom,overview,2021-11-12,8695,892,40375
K02000001,United Kingdom,overview,2021-11-11,8787,965,42408
K02000001,United Kingdom,overview,2021-11-10,8939,989,39329
K02000001,United Kingdom,overview,2021-11-09,9010,996,33117
K02000001,United Kingdom,overview,2021-11-08,9058,1015,32322
K02000001,United Kingdom,overview,2021-11-07,8909,888,30305
K02000001,United Kingdom,overview,2021-11-06,8889,831,30693
K02000001,United Kingdom,overview,2021-11-05,9133,861,34029
K02000001,United Kingdom,overview,2021-11-04,9334,889,37269
K02000001,United Kingdom,overview,2021-11-03,9476,985,41299
K02000001,United Kingdom,overview,2021-11-02,9692,1084,33865
K02000001,United Kingdom,overview,2021-11-01,9710,1099,40077
K02000001,United Kingdom,overview,2021-10-31,9464,1009,38009
K02000001,United Kingdom,overview,2021-10-30,9312,905,41278
K02000001,United Kingdom,overview,2021-10-29,9259,1032,43467
K02000001,United Kingdom,overview,2021-10-28,9161,1087,39842
K02000001,United Kingdom,overview,2021-10-27,9082,1166,43941
K02000001,United Kingdom,overview,2021-10-26,8975,1123,40954
K02000001,United Kingdom,overview,2021-10-25,8856,1068,36567
K02000001,United Kingdom,overview,2021-10-24,8532,972,39962
K02000001,United Kingdom,overview,2021-10-23,8363,916,44985
K02000001,United Kingdom,overview,2021-10-22,8368,949,49298
K02000001,United Kingdom,overview,2021-10-21,8383,988,52009
K02000001,United Kingdom,overview,2021-10-20,8288,1113,49139
K02000001,United Kingdom,overview,2021-10-19,8033,1114,43738
K02000001,United Kingdom,overview,2021-10-18,7883,1089,49156
K02000001,United Kingdom,overview,2021-10-17,7514,974,45140
K02000001,United Kingdom,overview,2021-10-16,7242,886,43423
K02000001,United Kingdom,overview,2021-10-15,7216,958,44932
K02000001,United Kingdom,overview,2021-10-14,7203,915,45066
K02000001,United Kingdom,overview,2021-10-13,7146,932,42776
K02000001,United Kingdom,overview,2021-10-12,7130,946,38520
K02000001,United Kingdom,overview,2021-10-11,7100,850,40224
K02000001,United Kingdom,overview,2021-10-10,6945,735,34574
K02000001,United Kingdom,overview,2021-10-09,6774,767,34950
K02000001,United Kingdom,overview,2021-10-08,6830,791,41765
K02000001,United Kingdom,overview,2021-10-07,6851,828,40701
K02000001,United Kingdom,overview,2021-10-06,6901,782,39851
K02000001,United Kingdom,overview,2021-10-05,6916,840,33869
K02000001,United Kingdom,overview,2021-10-04,6841,814,35077
K02000001,United Kingdom,overview,2021-10-03,6650,722,30439
K02000001,United Kingdom,overview,2021-10-02,6493,698,30301
K02000001,United Kingdom,overview,2021-10-01,6642,699,35577
K02000001,United Kingdom,overview,2021-09-30,6809,705,36480
K02000001,United Kingdom,overview,2021-09-29,6953,810,36722
K02000001,United Kingdom,overview,2021-09-28,7067,783,34526
K02000001,United Kingdom,overview,2021-09-27,7085,782,37960
K02000001,United Kingdom,overview,2021-09-26,6854,672,32417
K02000001,United Kingdom,overview,2021-09-25,6991,678,32468
K02000001,United Kingdom,overview,2021-09-24,6945,731,35623
K02000001,United Kingdom,overview,2021-09-23,7197,783,36710
K02000001,United Kingdom,overview,2021-09-22,7443,756,34460
K02000001,United Kingdom,overview,2021-09-21,7650,808,31564
K02000001,United Kingdom,overview,2021-09-20,7823,813,36100
K02000001,United Kingdom,overview,2021-09-19,7772,731,29612
K02000001,United Kingdom,overview,2021-09-18,7721,759,30144
K02000001,United Kingdom,overview,2021-09-17,7932,754,32651
K02000001,United Kingdom,overview,2021-09-16,8141,894,26911
K02000001,United Kingdom,overview,2021-09-15,8423,953,30597
K02000001,United Kingdom,overview,2021-09-14,8416,952,26628
K02000001,United Kingdom,overview,2021-09-13,8492,943,30825
K02000001,United Kingdom,overview,2021-09-12,8269,868,29173
K02000001,United Kingdom,overview,2021-09-11,8159,851,29547
K02000001,United Kingdom,overview,2021-09-10,8331,926,37622
K02000001,United Kingdom,overview,2021-09-09,8160,1038,38013
K02000001,United Kingdom,overview,2021-09-08,8151,1167,38975
K02000001,United Kingdom,overview,2021-09-07,7995,1103,37489
K02000001,United Kingdom,overview,2021-09-06,8051,1077,41192
K02000001,United Kingdom,overview,2021-09-05,7764,879,37011
K02000001,United Kingdom,overview,2021-09-04,7569,952,37578
K02000001,United Kingdom,overview,2021-09-03,7684,928,42076
K02000001,United Kingdom,overview,2021-09-02,7635,999,38154
K02000001,United Kingdom,overview,2021-09-01,7695,1084,35693
K02000001,United Kingdom,overview,2021-08-31,7691,1003,32181
K02000001,United Kingdom,overview,2021-08-30,7352,997,26476
K02000001,United Kingdom,overview,2021-08-29,7123,857,33196
K02000001,United Kingdom,overview,2021-08-28,6993,864,32406
K02000001,United Kingdom,overview,2021-08-27,7098,945,38046
K02000001,United Kingdom,overview,2021-08-26,7044,956,38281
K02000001,United Kingdom,overview,2021-08-25,6999,1036,35847
K02000001,United Kingdom,overview,2021-08-24,6974,1000,30838
K02000001,United Kingdom,overview,2021-08-23,7032,966,31914
K02000001,United Kingdom,overview,2021-08-22,6762,834,32253
K02000001,United Kingdom,overview,2021-08-21,6544,877,32058
K02000001,United Kingdom,overview,2021-08-20,6533,872,37314
K02000001,United Kingdom,overview,2021-08-19,6521,950,36572
K02000001,United Kingdom,overview,2021-08-18,6477,913,33904
K02000001,United Kingdom,overview,2021-08-17,6417,967,26852
K02000001,United Kingdom,overview,2021-08-16,6393,870,28438
K02000001,United Kingdom,overview,2021-08-15,6056,807,26750
K02000001,United Kingdom,overview,2021-08-14,5895,788,29520
K02000001,United Kingdom,overview,2021-08-13,5998,790,32700
K02000001,United Kingdom,overview,2021-08-12,5970,861,33074
K02000001,United Kingdom,overview,2021-08-11,6015,850,29612
K02000001,United Kingdom,overview,2021-08-10,6030,894,23510
K02000001,United Kingdom,overview,2021-08-09,6028,760,25161
K02000001,United Kingdom,overview,2021-08-08,5867,742,27429
K02000001,United Kingdom,overview,2021-08-07,5714,729,28612
K02000001,United Kingdom,overview,2021-08-06,5763,782,31808
K02000001,United Kingdom,overview,2021-08-05,5765,812,30215
K02000001,United Kingdom,overview,2021-08-04,5802,836,29312
K02000001,United Kingdom,overview,2021-08-03,6016,763,21691
K02000001,United Kingdom,overview,2021-08-02,6225,789,21952
K02000001,United Kingdom,overview,2021-08-01,5992,739,24470
K02000001,United Kingdom,overview,2021-07-31,5968,676,26144
K02000001,United Kingdom,overview,2021-07-30,6029,746,29622
K02000001,United Kingdom,overview,2021-07-29,5996,840,31117
K02000001,United Kingdom,overview,2021-07-28,6116,852,27734
K02000001,United Kingdom,overview,2021-07-27,6107,922,23511
K02000001,United Kingdom,overview,2021-07-26,6012,941,24950
K02000001,United Kingdom,overview,2021-07-25,5655,939,29173
K02000001,United Kingdom,overview,2021-07-24,5386,828,31795
K02000001,United Kingdom,overview,2021-07-23,5319,867,36389
K02000001,United Kingdom,overview,2021-07-22,5109,955,39906
K02000001,United Kingdom,overview,2021-07-21,4938,930,44104
K02000001,United Kingdom,overview,2021-07-20,4750,938,46558
K02000001,United Kingdom,overview,2021-07-19,4657,877,39950
K02000001,United Kingdom,overview,2021-07-18,4353,799,48161
K02000001,United Kingdom,overview,2021-07-17,4237,710,54674
K02000001,United Kingdom,overview,2021-07-16,4157,700,51870
K02000001,United Kingdom,overview,2021-07-15,4044,775,48553
K02000001,United Kingdom,overview,2021-07-14,3863,755,42302
K02000001,United Kingdom,overview,2021-07-13,3679,750,36660
K02000001,United Kingdom,overview,2021-07-12,3464,732,34471
K02000001,United Kingdom,overview,2021-07-11,3188,594,31772
K02000001,United Kingdom,overview,2021-07-10,3042,552,32367
K02000001,United Kingdom,overview,2021-07-09,2945,558,35707
K02000001,United Kingdom,overview,2021-07-08,2774,608,32551
K02000001,United Kingdom,overview,2021-07-07,2687,571,32548
K02000001,United Kingdom,overview,2021-07-06,2492,577,28773
K02000001,United Kingdom,overview,2021-07-05,2370,521,27334
K02000001,United Kingdom,overview,2021-07-04,2183,470,24248
K02000001,United Kingdom,overview,2021-07-03,2063,396,24885
K02000001,United Kingdom,overview,2021-07-02,2019,391,27125
K02000001,United Kingdom,overview,2021-07-01,1942,373,27989
K02000001,United Kingdom,overview,2021-06-30,1832,417,26068
K02000001,United Kingdom,overview,2021-06-29,1753,368,20479
K02000001,United Kingdom,overview,2021-06-28,1750,310,22868
K02000001,United Kingdom,overview,2021-06-27,1612,267,14876
K02000001,United Kingdom,overview,2021-06-26,1551,268,18270
K02000001,United Kingdom,overview,2021-06-25,1545,258,15810
K02000001,United Kingdom,overview,2021-06-24,1523,255,16703
K02000001,United Kingdom,overview,2021-06-23,1502,275,16135
K02000001,United Kingdom,overview,2021-06-22,1548,242,11625
K02000001,United Kingdom,overview,2021-06-21,1524,233,10633
K02000001,United Kingdom,overview,2021-06-20,1390,207,9284
K02000001,United Kingdom,overview,2021-06-19,1355,211,10321
K02000001,United Kingdom,overview,2021-06-18,1370,239,10476
K02000001,United Kingdom,overview,2021-06-17,1328,245,11007
K02000001,United Kingdom,overview,2021-06-16,1263,230,9055
K02000001,United Kingdom,overview,2021-06-15,1238,231,7673
K02000001,United Kingdom,overview,2021-06-14,1187,227,7742
K02000001,United Kingdom,overview,2021-06-13,1146,223,7490
K02000001,United Kingdom,overview,2021-06-12,1111,178,7738
K02000001,United Kingdom,overview,2021-06-11,1082,180,8125
K02000001,United Kingdom,overview,2021-06-10,1100,201,7393
K02000001,United Kingdom,overview,2021-06-09,1069,191,7540
K02000001,United Kingdom,overview,2021-06-08,1062,189,6048
K02000001,United Kingdom,overview,2021-06-07,1040,177,5683
K02000001,United Kingdom,overview,2021-06-06,969,156,5341
K02000001,United Kingdom,overview,2021-06-05,943,128,5765
K02000001,United Kingdom,overview,2021-06-04,970,126,6238
K02000001,United Kingdom,overview,2021-06-03,943,129,5274
K02000001,United Kingdom,overview,2021-06-02,966,131,4330
K02000001,United Kingdom,overview,2021-06-01,935,157,3165
K02000001,United Kingdom,overview,2021-05-31,934,124,3383
K02000001,United Kingdom,overview,2021-05-30,912,112,3240
K02000001,United Kingdom,overview,2021-05-29,892,105,3398
K02000001,United Kingdom,overview,2021-05-28,891,139,4182
K02000001,United Kingdom,overview,2021-05-27,877,127,3542
K02000001,United Kingdom,overview,2021-05-26,900,132,3180
K02000001,United Kingdom,overview,2021-05-25,926,133,2493
K02000001,United Kingdom,overview,2021-05-24,965,139,2439
K02000001,United Kingdom,overview,2021-05-23,929,116,2235
K02000001,United Kingdom,overview,2021-05-22,892,119,2694
K02000001,United Kingdom,overview,2021-05-21,927,125,2829
K02000001,United Kingdom,overview,2021-05-20,917,132,2874
K02000001,United Kingdom,overview,2021-05-19,923,127,2696
K02000001,United Kingdom,overview,2021-05-18,904,128,2412
K02000001,United Kingdom,overview,2021-05-17,949,102,1979
K02000001,United Kingdom,overview,2021-05-16,947,81,1926
K02000001,United Kingdom,overview,2021-05-15,972,91,2027
K02000001,United Kingdom,overview,2021-05-14,982,97,2193
K02000001,United Kingdom,overview,2021-05-13,1006,103,2657
K02000001,United Kingdom,overview,2021-05-12,1073,122,2284
K02000001,United Kingdom,overview,2021-05-11,1110,109,2474
K02000001,United Kingdom,overview,2021-05-10,1133,105,2357
K02000001,United Kingdom,overview,2021-05-09,1122,103,1770
K02000001,United Kingdom,overview,2021-05-08,1141,111,2047
K02000001,United Kingdom,overview,2021-05-07,1161,104,2490
K02000001,United Kingdom,overview,2021-05-06,1163,120,2613
K02000001,United Kingdom,overview,2021-05-05,1243,120,2144
K02000001,United Kingdom,overview,2021-05-04,1299,103,1946
K02000001,United Kingdom,overview,2021-05-03,1306,123,1649
K02000001,United Kingdom,overview,2021-05-02,1288,120,1671
K02000001,United Kingdom,overview,2021-05-01,1290,102,1907
K02000001,United Kingdom,overview,2021-04-30,1369,114,2381
K02000001,United Kingdom,overview,2021-04-29,1467,103,2445
K02000001,United Kingdom,overview,2021-04-28,1518,112,2166
K02000001,United Kingdom,overview,2021-04-27,1575,169,2685
K02000001,United Kingdom,overview,2021-04-26,1652,135,2064
K02000001,United Kingdom,overview,2021-04-25,1629,138,1712
K02000001,United Kingdom,overview,2021-04-24,1676,130,2061
K02000001,United Kingdom,overview,2021-04-23,1752,157,2678
K02000001,United Kingdom,overview,2021-04-22,1794,122,2729
K02000001,United Kingdom,overview,2021-04-21,1896,173,2396
K02000001,United Kingdom,overview,2021-04-20,1929,134,2524
K02000001,United Kingdom,overview,2021-04-19,2010,179,2963
K02000001,United Kingdom,overview,2021-04-18,1986,141,1882
K02000001,United Kingdom,overview,2021-04-17,2038,159,2206
K02000001,United Kingdom,overview,2021-04-16,2143,160,2596
K02000001,United Kingdom,overview,2021-04-15,2198,161,2672
K02000001,United Kingdom,overview,2021-04-14,2298,197,2491
K02000001,United Kingdom,overview,2021-04-13,2412,182,2472
K02000001,United Kingdom,overview,2021-04-12,2496,205,3568
K02000001,United Kingdom,overview,2021-04-11,2553,205,1730
K02000001,United Kingdom,overview,2021-04-10,2654,186,2589
K02000001,United Kingdom,overview,2021-04-09,2796,206,3150
K02000001,United Kingdom,overview,2021-04-08,2875,207,3030
K02000001,United Kingdom,overview,2021-04-07,3022,235,2763
K02000001,United Kingdom,overview,2021-04-06,3146,223,2379
K02000001,United Kingdom,overview,2021-04-05,3258,238,2762
K02000001,United Kingdom,overview,2021-04-04,3232,197,2297
K02000001,United Kingdom,overview,2021-04-03,3247,222,3423
K02000001,United Kingdom,overview,2021-04-02,3379,237,3402
K02000001,United Kingdom,overview,2021-04-01,3560,234,4479
K02000001,United Kingdom,overview,2021-03-31,3745,270,4052
K02000001,United Kingdom,overview,2021-03-30,3979,257,4040
K02000001,United Kingdom,overview,2021-03-29,4200,251,4654
K02000001,United Kingdom,overview,2021-03-28,4188,273,3862
K02000001,United Kingdom,overview,2021-03-27,4439,273,4715
K02000001,United Kingdom,overview,2021-03-26,4488,298,6187
K02000001,United Kingdom,overview,2021-03-25,4586,341,6397
K02000001,United Kingdom,overview,2021-03-24,4883,350,5605
K02000001,United Kingdom,overview,2021-03-23,5153,368,5379
K02000001,United Kingdom,overview,2021-03-22,5434,361,5342
K02000001,United Kingdom,overview,2021-03-21,5451,358,5312
K02000001,United Kingdom,overview,2021-03-20,5570,364,5587
K02000001,United Kingdom,overview,2021-03-19,5883,380,4802
K02000001,United Kingdom,overview,2021-03-18,6153,451,6303
K02000001,United Kingdom,overview,2021-03-17,6588,445,5758
K02000001,United Kingdom,overview,2021-03-16,6850,441,5294
K02000001,United Kingdom,overview,2021-03-15,7211,503,5089
K02000001,United Kingdom,overview,2021-03-14,7320,428,4618
K02000001,United Kingdom,overview,2021-03-13,7388,463,5534
K02000001,United Kingdom,overview,2021-03-12,7732,480,6609
K02000001,United Kingdom,overview,2021-03-11,8070,551,6753
K02000001,United Kingdom,overview,2021-03-10,8439,567,5926
K02000001,United Kingdom,overview,2021-03-09,9012,579,5766
K02000001,United Kingdom,overview,2021-03-08,9477,576,4712
K02000001,United Kingdom,overview,2021-03-07,9462,535,5177
K02000001,United Kingdom,overview,2021-03-06,9714,636,6040
K02000001,United Kingdom,overview,2021-03-05,10315,599,5947
K02000001,United Kingdom,overview,2021-03-04,10936,706,6573
K02000001,United Kingdom,overview,2021-03-03,11526,713,6385
K02000001,United Kingdom,overview,2021-03-02,12142,835,6391
K02000001,United Kingdom,overview,2021-03-01,12897,825,5455
K02000001,United Kingdom,overview,2021-02-28,12791,771,6035
K02000001,United Kingdom,overview,2021-02-27,13272,742,7434
K02000001,United Kingdom,overview,2021-02-26,14080,864,8523
K02000001,United Kingdom,overview,2021-02-25,14852,971,9985
K02000001,United Kingdom,overview,2021-02-24,15537,1022,9938
K02000001,United Kingdom,overview,2021-02-23,16118,1120,8489
K02000001,United Kingdom,overview,2021-02-22,16858,1120,10641
K02000001,United Kingdom,overview,2021-02-21,16860,1157,9834
K02000001,United Kingdom,overview,2021-02-20,17045,1091,10406
K02000001,United Kingdom,overview,2021-02-19,17863,1272,12027
K02000001,United Kingdom,overview,2021-02-18,18525,1339,12057
K02000001,United Kingdom,overview,2021-02-17,19452,1411,12718
K02000001,United Kingdom,overview,2021-02-16,20218,1495,10625
K02000001,United Kingdom,overview,2021-02-15,20997,1503,9765
K02000001,United Kingdom,overview,2021-02-14,21057,1538,10972
K02000001,United Kingdom,overview,2021-02-13,20973,1428,13308
K02000001,United Kingdom,overview,2021-02-12,22327,1511,15144
K02000001,United Kingdom,overview,2021-02-11,23414,1680,13494
K02000001,United Kingdom,overview,2021-02-10,24420,1726,13013
K02000001,United Kingdom,overview,2021-02-09,25692,1754,12364
K02000001,United Kingdom,overview,2021-02-08,26747,1921,14104
K02000001,United Kingdom,overview,2021-02-07,26803,1852,15845
K02000001,United Kingdom,overview,2021-02-06,26917,1893,18262
K02000001,United Kingdom,overview,2021-02-05,28386,2005,19114
K02000001,United Kingdom,overview,2021-02-04,29416,2142,20634
K02000001,United Kingdom,overview,2021-02-03,30607,2362,19202
K02000001,United Kingdom,overview,2021-02-02,31769,2481,16840
K02000001,United Kingdom,overview,2021-02-01,32963,2605,18607
K02000001,United Kingdom,overview,2021-01-31,32589,2408,21088
K02000001,United Kingdom,overview,2021-01-30,33019,2469,23275
K02000001,United Kingdom,overview,2021-01-29,33851,2687,29079
K02000001,United Kingdom,overview,2021-01-28,34913,3044,28680
K02000001,United Kingdom,overview,2021-01-27,35517,3059,25308
K02000001,United Kingdom,overview,2021-01-26,37105,3150,20089
K02000001,United Kingdom,overview,2021-01-25,37760,2932,22195
K02000001,United Kingdom,overview,2021-01-24,37734,3113,30004
K02000001,United Kingdom,overview,2021-01-23,37402,3118,33552
K02000001,United Kingdom,overview,2021-01-22,38262,3395,40261
K02000001,United Kingdom,overview,2021-01-21,38063,3637,37892
K02000001,United Kingdom,overview,2021-01-20,38743,4051,38905
K02000001,United Kingdom,overview,2021-01-19,38850,4161,33355
K02000001,United Kingdom,overview,2021-01-18,39258,4062,37535
K02000001,United Kingdom,overview,2021-01-17,38173,3751,38598
K02000001,United Kingdom,overview,2021-01-16,37719,3944,41346
K02000001,United Kingdom,overview,2021-01-15,38137,3684,55761
K02000001,United Kingdom,overview,2021-01-14,37696,4100,48682
K02000001,United Kingdom,overview,2021-01-13,37491,4225,47525
K02000001,United Kingdom,overview,2021-01-12,36985,4580,45533
K02000001,United Kingdom,overview,2021-01-11,36755,4309,46169
K02000001,United Kingdom,overview,2021-01-10,35395,3941,54940
K02000001,United Kingdom,overview,2021-01-09,34036,4127,59937
K02000001,United Kingdom,overview,2021-01-08,33782,4002,68053
K02000001,United Kingdom,overview,2021-01-07,32587,4294,52618
K02000001,United Kingdom,overview,2021-01-06,31950,4396,62322
K02000001,United Kingdom,overview,2021-01-05,30690,4115,60916
K02000001,United Kingdom,overview,2021-01-04,30779,3937,58784
K02000001,United Kingdom,overview,2021-01-03,29037,3650,54990
K02000001,United Kingdom,overview,2021-01-02,27565,3440,57725
K02000001,United Kingdom,overview,2021-01-01,26393,3364,53285
K02000001,United Kingdom,overview,2020-12-31,26581,2924,55892
K02000001,United Kingdom,overview,2020-12-30,26554,3289,50023
K02000001,United Kingdom,overview,2020-12-29,25552,3250,53135
K02000001,United Kingdom,overview,2020-12-28,24052,3131,41385
K02000001,United Kingdom,overview,2020-12-27,22767,2871,30501
K02000001,United Kingdom,overview,2020-12-26,21733,2531,35691
K02000001,United Kingdom,overview,2020-12-25,20921,2184,32725
K02000001,United Kingdom,overview,2020-12-24,21580,2086,39877
K02000001,United Kingdom,overview,2020-12-23,21225,2278,39237
K02000001,United Kingdom,overview,2020-12-22,21491,2481,36804
K02000001,United Kingdom,overview,2020-12-21,21136,2370,33364
K02000001,United Kingdom,overview,2020-12-20,20007,2169,35928
K02000001,United Kingdom,overview,2020-12-19,19466,2044,27052
K02000001,United Kingdom,overview,2020-12-18,19120,1923,28507
K02000001,United Kingdom,overview,2020-12-17,18973,2143,35383
K02000001,United Kingdom,overview,2020-12-16,18674,2078,25161
K02000001,United Kingdom,overview,2020-12-15,18219,1959,18450
K02000001,United Kingdom,overview,2020-12-14,18249,1954,20263
K02000001,United Kingdom,overview,2020-12-13,17541,1756,18447
K02000001,United Kingdom,overview,2020-12-12,16912,1798,21502
K02000001,United Kingdom,overview,2020-12-11,16888,1690,21672
K02000001,United Kingdom,overview,2020-12-10,16726,1752,20964
K02000001,United Kingdom,overview,2020-12-09,16334,1756,16578
K02000001,United Kingdom,overview,2020-12-08,16480,1782,12282
K02000001,United Kingdom,overview,2020-12-07,16418,1661,14718
K02000001,United Kingdom,overview,2020-12-06,15963,1471,17272
K02000001,United Kingdom,overview,2020-12-05,15691,1379,15539
K02000001,United Kingdom,overview,2020-12-04,15730,1431,16298
K02000001,United Kingdom,overview,2020-12-03,15661,1500,14879
K02000001,United Kingdom,overview,2020-12-02,15980,1487,16170
K02000001,United Kingdom,overview,2020-12-01,16315,1491,13430
K02000001,United Kingdom,overview,2020-11-30,16568,1406,12330
K02000001,United Kingdom,overview,2020-11-29,16316,1390,12155
K02000001,United Kingdom,overview,2020-11-28,15988,1221,15871
K02000001,United Kingdom,overview,2020-11-27,16574,1280,16022
K02000001,United Kingdom,overview,2020-11-26,16765,1423,17555
K02000001,United Kingdom,overview,2020-11-25,17135,1613,18213
K02000001,United Kingdom,overview,2020-11-24,17427,1499,11299
K02000001,United Kingdom,overview,2020-11-23,17684,1590,15450
K02000001,United Kingdom,overview,2020-11-22,17267,1492,18662
K02000001,United Kingdom,overview,2020-11-21,17066,1462,19875
K02000001,United Kingdom,overview,2020-11-20,17187,1550,20252
K02000001,United Kingdom,overview,2020-11-19,17462,1687,22915
K02000001,United Kingdom,overview,2020-11-18,17489,1785,19609
K02000001,United Kingdom,overview,2020-11-17,17442,1719,20051
K02000001,United Kingdom,overview,2020-11-16,17316,1771,21363
K02000001,United Kingdom,overview,2020-11-15,16867,1673,24962
K02000001,United Kingdom,overview,2020-11-14,16302,1616,26860
K02000001,United Kingdom,overview,2020-11-13,16239,1652,27301
K02000001,United Kingdom,overview,2020-11-12,15882,1918,33470
K02000001,United Kingdom,overview,2020-11-11,15669,1973,22950
K02000001,United Kingdom,overview,2020-11-10,14967,1855,20412
K02000001,United Kingdom,overview,2020-11-09,15144,1766,21350
K02000001,United Kingdom,overview,2020-11-08,14549,1692,20572
K02000001,United Kingdom,overview,2020-11-07,14317,1559,24957
K02000001,United Kingdom,overview,2020-11-06,13961,1416,23287
K02000001,United Kingdom,overview,2020-11-05,13799,1591,24141
K02000001,United Kingdom,overview,2020-11-04,13820,1687,25177
K02000001,United Kingdom,overview,2020-11-03,13752,1523,20018
K02000001,United Kingdom,overview,2020-11-02,13108,1574,18950
K02000001,United Kingdom,overview,2020-11-01,12233,1497,23254
K02000001,United Kingdom,overview,2020-10-31,12313,1460,21915
K02000001,United Kingdom,overview,2020-10-30,11791,1384,24405
K02000001,United Kingdom,overview,2020-10-29,11586,1590,23065
K02000001,United Kingdom,overview,2020-10-28,11437,1494,24701
K02000001,United Kingdom,overview,2020-10-27,10941,1498,22885
K02000001,United Kingdom,overview,2020-10-26,10111,1541,20890
K02000001,United Kingdom,overview,2020-10-25,9789,1425,19790
K02000001,United Kingdom,overview,2020-10-24,9265,1262,23012
K02000001,United Kingdom,overview,2020-10-23,8889,1299,20530
K02000001,United Kingdom,overview,2020-10-22,8314,1283,21242
K02000001,United Kingdom,overview,2020-10-21,8135,1265,26688
K02000001,United Kingdom,overview,2020-10-20,7855,1191,21331
K02000001,United Kingdom,overview,2020-10-19,7337,1106,18804
K02000001,United Kingdom,overview,2020-10-18,6832,1092,16982
K02000001,United Kingdom,overview,2020-10-17,6547,1031,16171
K02000001,United Kingdom,overview,2020-10-16,6298,925,15650
K02000001,United Kingdom,overview,2020-10-15,5935,1044,18980
K02000001,United Kingdom,overview,2020-10-14,5600,983,19724
K02000001,United Kingdom,overview,2020-10-13,5295,1029,17234
K02000001,United Kingdom,overview,2020-10-12,4961,888,13972
K02000001,United Kingdom,overview,2020-10-11,4672,825,12872
K02000001,United Kingdom,overview,2020-10-10,4360,723,15166
K02000001,United Kingdom,overview,2020-10-09,4172,708,13864
K02000001,United Kingdom,overview,2020-10-08,4087,715,17540
K02000001,United Kingdom,overview,2020-10-07,3895,692,14162
K02000001,United Kingdom,overview,2020-10-06,3644,725,14542
K02000001,United Kingdom,overview,2020-10-05,3372,631,12594
K02000001,United Kingdom,overview,2020-10-04,3058,633,22961
K02000001,United Kingdom,overview,2020-10-03,2869,536,12872
K02000001,United Kingdom,overview,2020-10-02,2725,531,6968
K02000001,United Kingdom,overview,2020-10-01,2594,528,6914
K02000001,United Kingdom,overview,2020-09-30,2532,451,7108
K02000001,United Kingdom,overview,2020-09-29,2422,440,7143
K02000001,United Kingdom,overview,2020-09-28,2401,444,4044
K02000001,United Kingdom,overview,2020-09-27,2190,342,5693
K02000001,United Kingdom,overview,2020-09-26,2035,351,6042
K02000001,United Kingdom,overview,2020-09-25,2022,382,6874
K02000001,United Kingdom,overview,2020-09-24,1848,423,6634
K02000001,United Kingdom,overview,2020-09-23,1732,422,6178
K02000001,United Kingdom,overview,2020-09-22,1638,350,4926
K02000001,United Kingdom,overview,2020-09-21,1560,371,4368
K02000001,United Kingdom,overview,2020-09-20,1400,288,3899
K02000001,United Kingdom,overview,2020-09-19,1302,261,4422
K02000001,United Kingdom,overview,2020-09-18,1223,262,4322
K02000001,United Kingdom,overview,2020-09-17,1164,264,3395
K02000001,United Kingdom,overview,2020-09-16,1108,281,3991
K02000001,United Kingdom,overview,2020-09-15,1068,268,3105
K02000001,United Kingdom,overview,2020-09-14,984,257,2621
K02000001,United Kingdom,overview,2020-09-13,845,227,3330
K02000001,United Kingdom,overview,2020-09-12,814,217,3497
K02000001,United Kingdom,overview,2020-09-11,772,230,3539
K02000001,United Kingdom,overview,2020-09-10,946,217,2919
K02000001,United Kingdom,overview,2020-09-09,926,203,2659
K02000001,United Kingdom,overview,2020-09-08,896,184,2460
K02000001,United Kingdom,overview,2020-09-07,904,145,2948
K02000001,United Kingdom,overview,2020-09-06,819,137,2988
K02000001,United Kingdom,overview,2020-09-05,814,130,1813
K02000001,United Kingdom,overview,2020-09-04,820,154,1940
K02000001,United Kingdom,overview,2020-09-03,819,146,1735
K02000001,United Kingdom,overview,2020-09-02,805,145,1508
K02000001,United Kingdom,overview,2020-09-01,863,134,1295
K02000001,United Kingdom,overview,2020-08-31,856,90,1406
K02000001,United Kingdom,overview,2020-08-30,833,77,1715
K02000001,United Kingdom,overview,2020-08-29,835,110,1108
K02000001,United Kingdom,overview,2020-08-28,820,138,1276
K02000001,United Kingdom,overview,2020-08-27,842,152,1522
K02000001,United Kingdom,overview,2020-08-26,831,130,1048
K02000001,United Kingdom,overview,2020-08-25,846,119,1184
K02000001,United Kingdom,overview,2020-08-24,878,91,853
K02000001,United Kingdom,overview,2020-08-23,872,74,1160
K02000001,United Kingdom,overview,2020-08-22,945,73,1288
K02000001,United Kingdom,overview,2020-08-21,890,109,1033
K02000001,United Kingdom,overview,2020-08-20,911,98,1182
K02000001,United Kingdom,overview,2020-08-19,926,113,812
K02000001,United Kingdom,overview,2020-08-18,955,128,1089
K02000001,United Kingdom,overview,2020-08-17,984,95,713
K02000001,United Kingdom,overview,2020-08-16,981,80,1040
K02000001,United Kingdom,overview,2020-08-15,976,99,1077
K02000001,United Kingdom,overview,2020-08-14,997,100,1441
K02000001,United Kingdom,overview,2020-08-13,1010,129,1129
K02000001,United Kingdom,overview,2020-08-12,1006,101,1009
K02000001,United Kingdom,overview,2020-08-11,1041,114,1148
K02000001,United Kingdom,overview,2020-08-10,1089,86,740
K02000001,United Kingdom,overview,2020-08-09,985,106,1062
K02000001,United Kingdom,overview,2020-08-08,1029,140,758
K02000001,United Kingdom,overview,2020-08-07,1096,117,871
K02000001,United Kingdom,overview,2020-08-06,1157,100,950
K02000001,United Kingdom,overview,2020-08-05,1202,138,892
K02000001,United Kingdom,overview,2020-08-04,1218,125,670
K02000001,United Kingdom,overview,2020-08-03,1253,110,898
K02000001,United Kingdom,overview,2020-08-02,1255,93,744
K02000001,United Kingdom,overview,2020-08-01,1291,128,761
K02000001,United Kingdom,overview,2020-07-31,1267,114,880
K02000001,United Kingdom,overview,2020-07-30,1315,132,846
K02000001,United Kingdom,overview,2020-07-29,1351,131,763
K02000001,United Kingdom,overview,2020-07-28,1370,119,581
K02000001,United Kingdom,overview,2020-07-27,1371,129,685
K02000001,United Kingdom,overview,2020-07-26,1384,109,745
K02000001,United Kingdom,overview,2020-07-25,1402,120,767
K02000001,United Kingdom,overview,2020-07-24,1454,159,768
K02000001,United Kingdom,overview,2020-07-23,1539,198,769
K02000001,United Kingdom,overview,2020-07-22,1748,158,560
K02000001,United Kingdom,overview,2020-07-21,1635,125,445
K02000001,United Kingdom,overview,2020-07-20,1735,130,557
K02000001,United Kingdom,overview,2020-07-19,1743,126,726
K02000001,United Kingdom,overview,2020-07-18,1777,105,827
K02000001,United Kingdom,overview,2020-07-17,1805,143,687
K02000001,United Kingdom,overview,2020-07-16,1830,166,642
K02000001,United Kingdom,overview,2020-07-15,1975,168,538
K02000001,United Kingdom,overview,2020-07-14,1994,186,398
K02000001,United Kingdom,overview,2020-07-13,2114,189,530
K02000001,United Kingdom,overview,2020-07-12,2102,114,650
K02000001,United Kingdom,overview,2020-07-11,2120,177,820
K02000001,United Kingdom,overview,2020-07-10,2245,175,512
K02000001,United Kingdom,overview,2020-07-09,2346,214,642
K02000001,United Kingdom,overview,2020-07-08,2455,207,630
K02000001,United Kingdom,overview,2020-07-07,2599,215,581
K02000001,United Kingdom,overview,2020-07-06,2700,203,343
K02000001,United Kingdom,overview,2020-07-05,2742,195,516
K02000001,United Kingdom,overview,2020-07-04,2803,202,624
K02000001,United Kingdom,overview,2020-07-03,2943,214,544
K02000001,United Kingdom,overview,2020-07-02,3080,216,576
K02000001,United Kingdom,overview,2020-07-01,3199,270,829
K02000001,United Kingdom,overview,2020-06-30,3384,296,689
K02000001,United Kingdom,overview,2020-06-29,3749,219,815
K02000001,United Kingdom,overview,2020-06-28,3558,208,901
K02000001,United Kingdom,overview,2020-06-27,3545,286,890
K02000001,United Kingdom,overview,2020-06-26,3621,338,1006
K02000001,United Kingdom,overview,2020-06-25,3851,324,1118
K02000001,United Kingdom,overview,2020-06-24,4031,367,653
K02000001,United Kingdom,overview,2020-06-23,4135,362,874
K02000001,United Kingdom,overview,2020-06-22,4282,392,958
K02000001,United Kingdom,overview,2020-06-21,4223,288,1221
K02000001,United Kingdom,overview,2020-06-20,4253,258,1295
K02000001,United Kingdom,overview,2020-06-19,4414,336,1346
K02000001,United Kingdom,overview,2020-06-18,4560,402,1218
K02000001,United Kingdom,overview,2020-06-17,4719,431,1115
K02000001,United Kingdom,overview,2020-06-16,4863,455,1279
K02000001,United Kingdom,overview,2020-06-15,4870,439,1056
K02000001,United Kingdom,overview,2020-06-14,4908,364,1514
K02000001,United Kingdom,overview,2020-06-13,4941,385,1425
K02000001,United Kingdom,overview,2020-06-12,5090,393,1541
K02000001,United Kingdom,overview,2020-06-11,5179,446,1266
K02000001,United Kingdom,overview,2020-06-10,5475,511,1003
K02000001,United Kingdom,overview,2020-06-09,5736,491,1387
K02000001,United Kingdom,overview,2020-06-08,5931,412,1205
K02000001,United Kingdom,overview,2020-06-07,5944,406,1326
K02000001,United Kingdom,overview,2020-06-06,6149,407,1557
K02000001,United Kingdom,overview,2020-06-05,6379,475,1650
K02000001,United Kingdom,overview,2020-06-04,6580,564,1805
K02000001,United Kingdom,overview,2020-06-03,6815,632,1871
K02000001,United Kingdom,overview,2020-06-02,7087,668,1613
K02000001,United Kingdom,overview,2020-06-01,7248,605,1570
K02000001,United Kingdom,overview,2020-05-31,7238,528,1936
K02000001,United Kingdom,overview,2020-05-30,7268,568,2445
K02000001,United Kingdom,overview,2020-05-29,7586,614,2095
K02000001,United Kingdom,overview,2020-05-28,7907,702,1887
K02000001,United Kingdom,overview,2020-05-27,8220,712,2013
K02000001,United Kingdom,overview,2020-05-26,8732,698,2004
K02000001,United Kingdom,overview,2020-05-25,8836,602,1625
K02000001,United Kingdom,overview,2020-05-24,8814,587,2409
K02000001,United Kingdom,overview,2020-05-23,8814,643,2959
K02000001,United Kingdom,overview,2020-05-22,9184,740,3287
K02000001,United Kingdom,overview,2020-05-21,9293,841,2615
K02000001,United Kingdom,overview,2020-05-20,9563,850,2472
K02000001,United Kingdom,overview,2020-05-19,10013,880,2412
K02000001,United Kingdom,overview,2020-05-18,10231,848,2684
K02000001,United Kingdom,overview,2020-05-17,10199,792,3562
K02000001,United Kingdom,overview,2020-05-16,10238,813,3451
K02000001,United Kingdom,overview,2020-05-15,10691,868,3560
K02000001,United Kingdom,overview,2020-05-14,10921,908,3446
K02000001,United Kingdom,overview,2020-05-13,11342,966,3242
K02000001,United Kingdom,overview,2020-05-12,11591,983,3403
K02000001,United Kingdom,overview,2020-05-11,11967,1029,3877
K02000001,United Kingdom,overview,2020-05-10,11727,915,3923
K02000001,United Kingdom,overview,2020-05-09,12015,944,3896
K02000001,United Kingdom,overview,2020-05-08,12053,909,4649
K02000001,United Kingdom,overview,2020-05-07,12626,1166,5614
K02000001,United Kingdom,overview,2020-05-06,13148,1204,6111
K02000001,United Kingdom,overview,2020-05-05,13723,1146,4406
K02000001,United Kingdom,overview,2020-05-04,14097,1249,3985
K02000001,United Kingdom,overview,2020-05-03,14188,1188,4339
K02000001,United Kingdom,overview,2020-05-02,14380,1180,4806
K02000001,United Kingdom,overview,2020-05-01,14723,1262,6201
K02000001,United Kingdom,overview,2020-04-30,15164,1442,6032
K02000001,United Kingdom,overview,2020-04-29,15521,1488,4076
K02000001,United Kingdom,overview,2020-04-28,15877,1518,3996
K02000001,United Kingdom,overview,2020-04-27,16662,1536,4310
K02000001,United Kingdom,overview,2020-04-26,16555,1355,4463
K02000001,United Kingdom,overview,2020-04-25,16604,1253,4913
K02000001,United Kingdom,overview,2020-04-24,17063,1525,5386
K02000001,United Kingdom,overview,2020-04-23,17867,1512,4583
K02000001,United Kingdom,overview,2020-04-22,18533,1530,4451
K02000001,United Kingdom,overview,2020-04-21,19139,1712,4301
K02000001,United Kingdom,overview,2020-04-20,19331,1736,4676
K02000001,United Kingdom,overview,2020-04-19,19574,1657,5850
K02000001,United Kingdom,overview,2020-04-18,19456,1630,5526
K02000001,United Kingdom,overview,2020-04-17,19330,1966,5599
K02000001,United Kingdom,overview,2020-04-16,20389,2011,4618
K02000001,United Kingdom,overview,2020-04-15,20582,1880,4605
K02000001,United Kingdom,overview,2020-04-14,21281,2088,5252
K02000001,United Kingdom,overview,2020-04-13,21308,2162,4342
K02000001,United Kingdom,overview,2020-04-12,21687,2066,5288
K02000001,United Kingdom,overview,2020-04-11,21254,2163,5234
K02000001,United Kingdom,overview,2020-04-10,21280,2461,5706
K02000001,United Kingdom,overview,2020-04-09,21005,2631,4675
K02000001,United Kingdom,overview,2020-04-08,20740,2966,5865
K02000001,United Kingdom,overview,2020-04-07,20234,3150,3888
K02000001,United Kingdom,overview,2020-04-06,19493,3047,4143
K02000001,United Kingdom,overview,2020-04-05,18855,2913,6199
K02000001,United Kingdom,overview,2020-04-04,17502,2922,4000
K02000001,United Kingdom,overview,2020-04-03,15546,2932,4672
K02000001,United Kingdom,overview,2020-04-02,13875,3284,4522
K02000001,United Kingdom,overview,2020-04-01,13637,3565,4567
K02000001,United Kingdom,overview,2020-03-31,12597,2834,3250
K02000001,United Kingdom,overview,2020-03-30,11093,3189,2665
K02000001,United Kingdom,overview,2020-03-29,9525,2492,2502
K02000001,United Kingdom,overview,2020-03-28,8278,2196,2556
K02000001,United Kingdom,overview,2020-03-27,7267,2229,2890
K02000001,United Kingdom,overview,2020-03-26,,1931,2129
K02000001,United Kingdom,overview,2020-03-25,,2087,1452
K02000001,United Kingdom,overview,2020-03-24,,1718,1427
K02000001,United Kingdom,overview,2020-03-23,,1273,967
K02000001,United Kingdom,overview,2020-03-22,,,665
K02000001,United Kingdom,overview,2020-03-21,,,1035
K02000001,United Kingdom,overview,2020-03-20,,,714
K02000001,United Kingdom,overview,2020-03-19,,,643
K02000001,United Kingdom,overview,2020-03-18,,,676
K02000001,United Kingdom,overview,2020-03-17,,,407
K02000001,United Kingdom,overview,2020-03-16,,,152
K02000001,United Kingdom,overview,2020-03-15,,,330
K02000001,United Kingdom,overview,2020-03-14,,,264
K02000001,United Kingdom,overview,2020-03-13,,,207
K02000001,United Kingdom,overview,2020-03-12,,,134
K02000001,United Kingdom,overview,2020-03-11,,,83
K02000001,United Kingdom,overview,2020-03-10,,,52
K02000001,United Kingdom,overview,2020-03-09,,,50
K02000001,United Kingdom,overview,2020-03-08,,,65
K02000001,United Kingdom,overview,2020-03-07,,,46
K02000001,United Kingdom,overview,2020-03-06,,,46
K02000001,United Kingdom,overview,2020-03-05,,,29
K02000001,United Kingdom,overview,2020-03-04,,,34
K02000001,United Kingdom,overview,2020-03-03,,,11
K02000001,United Kingdom,overview,2020-03-02,,,5
K02000001,United Kingdom,overview,2020-03-01,,,12
K02000001,United Kingdom,overview,2020-02-29,,,4
K02000001,United Kingdom,overview,2020-02-28,,,6
K02000001,United Kingdom,overview,2020-02-27,,,0
K02000001,United Kingdom,overview,2020-02-26,,,0
K02000001,United Kingdom,overview,2020-02-25,,,0
K02000001,United Kingdom,overview,2020-02-24,,,4
K02000001,United Kingdom,overview,2020-02-23,,,0
K02000001,United Kingdom,overview,2020-02-22,,,0
K02000001,United Kingdom,overview,2020-02-21,,,0
K02000001,United Kingdom,overview,2020-02-20,,,0
K02000001,United Kingdom,overview,2020-02-19,,,0
K02000001,United Kingdom,overview,2020-02-18,,,0
K02000001,United Kingdom,overview,2020-02-17,,,0
K02000001,United Kingdom,overview,2020-02-16,,,0
K02000001,United Kingdom,overview,2020-02-15,,,0
K02000001,United Kingdom,overview,2020-02-14,,,0
K02000001,United Kingdom,overview,2020-02-13,,,1
K02000001,United Kingdom,overview,2020-02-12,,,0
K02000001,United Kingdom,overview,2020-02-11,,,0
K02000001,United Kingdom,overview,2020-02-10,,,4
K02000001,United Kingdom,overview,2020-02-09,,,1
K02000001,United Kingdom,overview,2020-02-08,,,0
K02000001,United Kingdom,overview,2020-02-07,,,0
K02000001,United Kingdom,overview,2020-02-06,,,1
K02000001,United Kingdom,overview,2020-02-05,,,0
K02000001,United Kingdom,overview,2020-02-04,,,0
K02000001,United Kingdom,overview,2020-02-03,,,0
K02000001,United Kingdom,overview,2020-02-02,,,0
K02000001,United Kingdom,overview,2020-02-01,,,0
K02000001,United Kingdom,overview,2020-01-31,,,2
